{
  "IcoMoonType": "selection",
  "icons": [
    {
      "icon": {
        "paths": [
          "M726 554v-84h-172v-172h-84v172h-172v84h172v172h84v-172h172zM512 86q176 0 301 125t125 301-125 301-301 125-301-125-125-301 125-301 301-125z"
        ],
        "attrs": [
          {}
        ],
        "isMulticolor": false,
        "isMulticolor2": false,
        "grid": 0,
        "tags": [
          "add_circle"
        ]
      },
      "attrs": [
        {}
      ],
      "properties": {
        "order": 20,
        "id": 9,
        "name": "add_circle",
        "prevSize": 32,
        "code": 59648
      },
      "setIdx": 0,
      "setId": 2,
      "iconIdx": 0
    },
    {
      "icon": {
        "paths": [
          "M246.784 468.309l443.051-442.709c24.917-24.917 62.464-24.917 87.381 0s24.917 62.464 0 87.381l-399.36 399.36 399.36 399.36c24.917 24.917 24.917 62.464 0 87.381s-62.464 24.917-87.381 0l-443.051-443.392c-24.917-24.917-24.917-62.464 0-87.381z"
        ],
        "attrs": [
          {}
        ],
        "isMulticolor": false,
        "isMulticolor2": false,
        "grid": 0,
        "tags": [
          "arrow_lift"
        ]
      },
      "attrs": [
        {}
      ],
      "properties": {
        "order": 19,
        "id": 8,
        "name": "arrow_left",
        "prevSize": 32,
        "code": 59649
      },
      "setIdx": 0,
      "setId": 2,
      "iconIdx": 1
    },
    {
      "icon": {
        "paths": [
          "M426 726l384-384-60-62-324 324-152-152-60 60zM512 86q176 0 301 125t125 301-125 301-301 125-301-125-125-301 125-301 301-125z"
        ],
        "attrs": [
          {}
        ],
        "isMulticolor": false,
        "isMulticolor2": false,
        "grid": 0,
        "tags": [
          "check_circle"
        ]
      },
      "attrs": [
        {}
      ],
      "properties": {
        "order": 21,
        "id": 7,
        "name": "check_circle",
        "prevSize": 32,
        "code": 59650
      },
      "setIdx": 0,
      "setId": 2,
      "iconIdx": 2
    },
    {
      "icon": {
        "paths": [
          "M810 274l-238 238 238 238-60 60-238-238-238 238-60-60 238-238-238-238 60-60 238 238 238-238z"
        ],
        "attrs": [
          {}
        ],
        "isMulticolor": false,
        "isMulticolor2": false,
        "grid": 0,
        "tags": [
          "close"
        ]
      },
      "attrs": [
        {}
      ],
      "properties": {
        "order": 9,
        "id": 6,
        "name": "close",
        "prevSize": 32,
        "code": 59651
      },
      "setIdx": 0,
      "setId": 2,
      "iconIdx": 3
    },
    {
      "icon": {
        "paths": [
          "M512 910l-62-56c-220-200-364-330-364-492 0-132 102-234 234-234 74 0 146 36 192 90 46-54 118-90 192-90 132 0 234 102 234 234 0 162-144 294-364 494z"
        ],
        "attrs": [
          {}
        ],
        "isMulticolor": false,
        "isMulticolor2": false,
        "grid": 0,
        "tags": [
          "favorite"
        ]
      },
      "attrs": [
        {}
      ],
      "properties": {
        "order": 10,
        "id": 5,
        "name": "favorite",
        "prevSize": 32,
        "code": 59652
      },
      "setIdx": 0,
      "setId": 2,
      "iconIdx": 4
    },
    {
      "icon": {
        "paths": [
          "M512 854q140 0 241-101t101-241-101-241-241-101-241 101-101 241 101 241 241 101zM512 86q176 0 301 125t125 301-125 301-301 125-301-125-125-301 125-301 301-125zM298 470h428v84h-428v-84z"
        ],
        "attrs": [
          {}
        ],
        "isMulticolor": false,
        "isMulticolor2": false,
        "grid": 0,
        "tags": [
          "remove_circle_outline"
        ]
      },
      "attrs": [
        {}
      ],
      "properties": {
        "order": 12,
        "id": 3,
        "name": "remove_circle_outline",
        "prevSize": 32,
        "code": 59654
      },
      "setIdx": 0,
      "setId": 2,
      "iconIdx": 6
    },
    {
      "icon": {
        "paths": [
          "M726 768q34 0 59 26t25 60-25 59-59 25-60-25-26-59 26-60 60-26zM42 86h140l40 84h632q18 0 30 13t12 31q0 10-6 20l-152 276q-24 44-74 44h-318l-38 70-2 6q0 10 10 10h494v86h-512q-34 0-59-26t-25-60q0-20 10-40l58-106-154-324h-86v-84zM298 768q34 0 60 26t26 60-26 59-60 25-59-25-25-59 25-60 59-26z"
        ],
        "attrs": [
          {}
        ],
        "isMulticolor": false,
        "isMulticolor2": false,
        "grid": 0,
        "tags": [
          "shopping_cart"
        ]
      },
      "attrs": [
        {}
      ],
      "properties": {
        "order": 13,
        "id": 2,
        "name": "shopping_cart",
        "prevSize": 32,
        "code": 59655
      },
      "setIdx": 0,
      "setId": 2,
      "iconIdx": 7
    },
    {
      "icon": {
        "paths": [
          "M810 128h172v512h-172v-512zM640 128q34 0 60 26t26 60v426q0 34-26 60l-280 282-46-46q-18-18-18-44v-14l42-196h-270q-34 0-60-25t-26-59l2-4h-2v-82q0-16 6-32l130-300q20-52 78-52h384z"
        ],
        "attrs": [
          {}
        ],
        "isMulticolor": false,
        "isMulticolor2": false,
        "grid": 0,
        "tags": [
          "thumb_down"
        ]
      },
      "attrs": [
        {}
      ],
      "properties": {
        "order": 14,
        "id": 1,
        "name": "thumb_down",
        "prevSize": 32,
        "code": 59656
      },
      "setIdx": 0,
      "setId": 2,
      "iconIdx": 8
    },
    {
      "icon": {
        "paths": [
          "M982 426l-2 4h2v82q0 16-6 32l-130 300q-20 52-78 52h-384q-34 0-60-26t-26-60v-426q0-34 26-60l280-282 46 46q18 18 18 44v14l-42 196h270q34 0 60 25t26 59zM42 896v-512h172v512h-172z"
        ],
        "attrs": [
          {}
        ],
        "isMulticolor": false,
        "isMulticolor2": false,
        "grid": 0,
        "tags": [
          "thumb_up"
        ]
      },
      "attrs": [
        {}
      ],
      "properties": {
        "order": 15,
        "id": 0,
        "name": "thumb_up",
        "prevSize": 32,
        "code": 59657
      },
      "setIdx": 0,
      "setId": 2,
      "iconIdx": 9
    },
    {
      "icon": {
        "paths": [
          "M512 32l-512 512 96 96 96-96v416h256v-192h128v192h256v-416l96 96 96-96-512-512zM512 448c-35.346 0-64-28.654-64-64s28.654-64 64-64c35.346 0 64 28.654 64 64s-28.654 64-64 64z"
        ],
        "tags": [
          "home",
          "house"
        ],
        "defaultCode": 59649,
        "grid": 16,
        "attrs": []
      },
      "attrs": [],
      "properties": {
        "ligatures": "home2, house2",
        "name": "home2",
        "order": 25,
        "id": 2,
        "prevSize": 32,
        "code": 59658
      },
      "setIdx": 1,
      "setId": 1,
      "iconIdx": 1
    },
    {
      "icon": {
        "paths": [
          "M1024 608l-192-192v-288h-128v160l-192-192-512 512v32h128v320h320v-192h128v192h320v-320h128z"
        ],
        "tags": [
          "home",
          "house"
        ],
        "defaultCode": 59650,
        "grid": 16,
        "attrs": []
      },
      "attrs": [],
      "properties": {
        "ligatures": "home3, house3",
        "name": "home3",
        "order": 23,
        "id": 3,
        "prevSize": 32,
        "code": 59659
      },
      "setIdx": 1,
      "setId": 1,
      "iconIdx": 2
    },
    {
      "icon": {
        "paths": [
          "M0 1024h512v-1024h-512v1024zM320 128h128v128h-128v-128zM320 384h128v128h-128v-128zM320 640h128v128h-128v-128zM64 128h128v128h-128v-128zM64 384h128v128h-128v-128zM64 640h128v128h-128v-128zM576 320h448v64h-448zM576 1024h128v-256h192v256h128v-576h-448z"
        ],
        "tags": [
          "office",
          "buildings",
          "work"
        ],
        "defaultCode": 59651,
        "grid": 16,
        "attrs": []
      },
      "attrs": [],
      "properties": {
        "ligatures": "office, buildings",
        "name": "hotel",
        "order": 24,
        "id": 4,
        "prevSize": 32,
        "code": 59660
      },
      "setIdx": 1,
      "setId": 1,
      "iconIdx": 3
    },
    {
      "icon": {
        "width": 1280,
        "paths": [
          "M640 576c105.87 0 201.87 43.066 271.402 112.598l-90.468 90.468c-46.354-46.356-110.356-75.066-180.934-75.066s-134.578 28.71-180.934 75.066l-90.468-90.468c69.532-69.532 165.532-112.598 271.402-112.598zM187.452 507.452c120.88-120.88 281.598-187.452 452.548-187.452s331.668 66.572 452.55 187.452l-90.51 90.508c-96.706-96.704-225.28-149.96-362.040-149.96-136.762 0-265.334 53.256-362.038 149.962l-90.51-90.51zM988.784 134.438c106.702 45.132 202.516 109.728 284.782 191.996v0l-90.508 90.508c-145.056-145.056-337.92-224.942-543.058-224.942-205.14 0-398 79.886-543.058 224.942l-90.51-90.51c82.268-82.266 178.082-146.862 284.784-191.994 110.504-46.738 227.852-70.438 348.784-70.438s238.278 23.7 348.784 70.438zM576 896c0-35.346 28.654-64 64-64s64 28.654 64 64c0 35.346-28.654 64-64 64s-64-28.654-64-64z"
        ],
        "tags": [
          "connection",
          "wifi",
          "wave"
        ],
        "defaultCode": 59675,
        "grid": 16,
        "attrs": []
      },
      "attrs": [],
      "properties": {
        "ligatures": "connection, wifi",
        "name": "wifi",
        "order": 22,
        "id": 28,
        "prevSize": 32,
        "code": 59675
      },
      "setIdx": 1,
      "setId": 1,
      "iconIdx": 27
    },
    {
      "icon": {
        "paths": [
          "M658.744 749.256l-210.744-210.746v-282.51h128v229.49l173.256 173.254zM512 0c-282.77 0-512 229.23-512 512s229.23 512 512 512 512-229.23 512-512-229.23-512-512-512zM512 896c-212.078 0-384-171.922-384-384s171.922-384 384-384c212.078 0 384 171.922 384 384s-171.922 384-384 384z"
        ],
        "tags": [
          "clock",
          "time",
          "schedule"
        ],
        "defaultCode": 59726,
        "grid": 16,
        "attrs": []
      },
      "attrs": [],
      "properties": {
        "ligatures": "clock, time2",
        "name": "clock",
        "order": 29,
        "id": 79,
        "prevSize": 32,
        "code": 59726
      },
      "setIdx": 1,
      "setId": 1,
      "iconIdx": 78
    },
    {
      "icon": {
        "paths": [
          "M728.992 512c137.754-87.334 231.008-255.208 231.008-448 0-21.676-1.192-43.034-3.478-64h-889.042c-2.29 20.968-3.48 42.326-3.48 64 0 192.792 93.254 360.666 231.006 448-137.752 87.334-231.006 255.208-231.006 448 0 21.676 1.19 43.034 3.478 64h889.042c2.288-20.966 3.478-42.324 3.478-64 0.002-192.792-93.252-360.666-231.006-448zM160 960c0-186.912 80.162-345.414 224-397.708v-100.586c-143.838-52.29-224-210.792-224-397.706v0h704c0 186.914-80.162 345.416-224 397.706v100.586c143.838 52.294 224 210.796 224 397.708h-704zM619.626 669.594c-71.654-40.644-75.608-93.368-75.626-125.366v-64.228c0-31.994 3.804-84.914 75.744-125.664 38.504-22.364 71.808-56.348 97.048-98.336h-409.582c25.266 42.032 58.612 76.042 97.166 98.406 71.654 40.644 75.606 93.366 75.626 125.366v64.228c0 31.992-3.804 84.914-75.744 125.664-72.622 42.18-126.738 125.684-143.090 226.336h501.67c-16.364-100.708-70.53-184.248-143.212-226.406z"
        ],
        "tags": [
          "hour-glass",
          "loading",
          "busy",
          "wait"
        ],
        "defaultCode": 59769,
        "grid": 16,
        "attrs": []
      },
      "attrs": [],
      "properties": {
        "ligatures": "hour-glass, loading",
        "name": "hour-glass",
        "order": 31,
        "id": 122,
        "prevSize": 32,
        "code": 59769
      },
      "setIdx": 1,
      "setId": 1,
      "iconIdx": 121
    },
    {
      "icon": {
        "paths": [
          "M992.262 871.396l-242.552-206.294c-25.074-22.566-51.89-32.926-73.552-31.926 57.256-67.068 91.842-154.078 91.842-249.176 0-212.078-171.922-384-384-384-212.076 0-384 171.922-384 384s171.922 384 384 384c95.098 0 182.108-34.586 249.176-91.844-1 21.662 9.36 48.478 31.926 73.552l206.294 242.552c35.322 39.246 93.022 42.554 128.22 7.356s31.892-92.898-7.354-128.22zM384 640c-141.384 0-256-114.616-256-256s114.616-256 256-256 256 114.616 256 256-114.614 256-256 256z"
        ],
        "tags": [
          "search",
          "magnifier",
          "magnifying-glass",
          "inspect",
          "find"
        ],
        "defaultCode": 59782,
        "grid": 16,
        "attrs": []
      },
      "attrs": [],
      "properties": {
        "ligatures": "search, magnifier",
        "name": "search",
        "order": 28,
        "id": 135,
        "prevSize": 32,
        "code": 59782
      },
      "setIdx": 1,
      "setId": 1,
      "iconIdx": 134
    },
    {
      "icon": {
        "paths": [
          "M512 64c282.77 0 512 229.23 512 512 0 192.792-106.576 360.666-264.008 448h-495.984c-157.432-87.334-264.008-255.208-264.008-448 0-282.77 229.23-512 512-512zM801.914 865.914c77.438-77.44 120.086-180.398 120.086-289.914h-90v-64h85.038c-7.014-44.998-21.39-88.146-42.564-128h-106.474v-64h64.284c-9.438-11.762-19.552-23.096-30.37-33.914-46.222-46.22-101.54-80.038-161.914-99.798v69.712h-64v-85.040c-20.982-3.268-42.36-4.96-64-4.96s-43.018 1.69-64 4.96v85.040h-64v-69.712c-60.372 19.76-115.692 53.576-161.914 99.798-10.818 10.818-20.932 22.152-30.37 33.914h64.284v64h-106.476c-21.174 39.854-35.552 83.002-42.564 128h85.040v64h-90c0 109.516 42.648 212.474 120.086 289.914 10.71 10.71 21.924 20.728 33.56 30.086h192.354l36.572-512h54.856l36.572 512h192.354c11.636-9.358 22.852-19.378 33.56-30.086z"
        ],
        "tags": [
          "meter",
          "gauge",
          "dashboard",
          "speedometer",
          "performance"
        ],
        "defaultCode": 59814,
        "grid": 16,
        "attrs": []
      },
      "attrs": [],
      "properties": {
        "ligatures": "meter, gauge",
        "name": "meter",
        "order": 26,
        "id": 167,
        "prevSize": 32,
        "code": 59814
      },
      "setIdx": 1,
      "setId": 1,
      "iconIdx": 166
    },
    {
      "icon": {
        "paths": [
          "M512 0c-282.77 0-512 229.23-512 512s229.23 512 512 512 512-229.23 512-512-229.23-512-512-512zM512 928c-229.75 0-416-186.25-416-416s186.25-416 416-416 416 186.25 416 416-186.25 416-416 416z",
          "M672 256l-160 160-160-160-96 96 160 160-160 160 96 96 160-160 160 160 96-96-160-160 160-160z"
        ],
        "tags": [
          "cancel-circle",
          "close",
          "remove",
          "delete"
        ],
        "defaultCode": 59917,
        "grid": 16,
        "attrs": []
      },
      "attrs": [],
      "properties": {
        "ligatures": "cancel-circle, close",
        "name": "cancel-circle",
        "order": 5,
        "id": 270,
        "prevSize": 32,
        "code": 59917
      },
      "setIdx": 1,
      "setId": 1,
      "iconIdx": 269
    },
    {
      "icon": {
        "paths": [
          "M719.53 831.53c-12.286 0-24.566-4.686-33.942-14.056-18.744-18.744-18.744-49.136 0-67.882 131.006-131.006 131.006-344.17 0-475.176-18.744-18.746-18.744-49.138 0-67.882 18.744-18.742 49.138-18.744 67.882 0 81.594 81.59 126.53 190.074 126.53 305.466 0 115.39-44.936 223.876-126.53 305.47-9.372 9.374-21.656 14.060-33.94 14.060v0zM549.020 741.020c-12.286 0-24.566-4.686-33.942-14.058-18.746-18.746-18.746-49.134 0-67.88 81.1-81.1 81.1-213.058 0-294.156-18.746-18.746-18.746-49.138 0-67.882s49.136-18.744 67.882 0c118.53 118.53 118.53 311.392 0 429.922-9.372 9.368-21.656 14.054-33.94 14.054z",
          "M416.006 960c-8.328 0-16.512-3.25-22.634-9.374l-246.626-246.626h-114.746c-17.672 0-32-14.326-32-32v-320c0-17.672 14.328-32 32-32h114.746l246.626-246.628c9.154-9.154 22.916-11.89 34.874-6.936 11.958 4.952 19.754 16.622 19.754 29.564v832c0 12.944-7.796 24.612-19.754 29.564-3.958 1.64-8.118 2.436-12.24 2.436z"
        ],
        "tags": [
          "volume-medium",
          "volume",
          "audio",
          "speaker",
          "player"
        ],
        "defaultCode": 59943,
        "grid": 16,
        "attrs": []
      },
      "attrs": [],
      "properties": {
        "ligatures": "volume-medium, volume2",
        "name": "volume-medium",
        "order": 27,
        "id": 296,
        "prevSize": 32,
        "code": 59943
      },
      "setIdx": 1,
      "setId": 1,
      "iconIdx": 295
    },
    {
      "icon": {
        "paths": [
          "M877.254 621.254l-320 320c-24.992 24.994-65.514 24.994-90.508 0l-320-320c-24.994-24.994-24.994-65.516 0-90.51 24.994-24.996 65.516-24.996 90.51 0l210.744 210.746v-613.49c0-35.346 28.654-64 64-64s64 28.654 64 64v613.49l210.746-210.746c12.496-12.496 28.876-18.744 45.254-18.744s32.758 6.248 45.254 18.746c24.994 24.994 24.994 65.514 0 90.508z"
        ],
        "tags": [
          "arrow-down",
          "down",
          "download",
          "bottom"
        ],
        "defaultCode": 59966,
        "grid": 16,
        "attrs": []
      },
      "attrs": [],
      "properties": {
        "ligatures": "arrow-down2, down2",
        "name": "arrow-down2",
        "order": 30,
        "id": 319,
        "prevSize": 32,
        "code": 59966
      },
      "setIdx": 1,
      "setId": 1,
      "iconIdx": 318
    },
    {
      "icon": {
        "paths": [
          "M0 64v896h1024v-896h-1024zM384 640v-192h256v192h-256zM640 704v192h-256v-192h256zM640 192v192h-256v-192h256zM320 192v192h-256v-192h256zM64 448h256v192h-256v-192zM704 448h256v192h-256v-192zM704 384v-192h256v192h-256zM64 704h256v192h-256v-192zM704 896v-192h256v192h-256z"
        ],
        "tags": [
          "table",
          "wysiwyg"
        ],
        "defaultCode": 60017,
        "grid": 16,
        "attrs": []
      },
      "attrs": [],
      "properties": {
        "ligatures": "table2, wysiwyg19",
        "name": "table2",
        "order": 32,
        "id": 370,
        "prevSize": 32,
        "code": 60017
      },
      "setIdx": 1,
      "setId": 1,
      "iconIdx": 369
    }
  ],
  "height": 1024,
  "metadata": {
    "name": "sell-icon"
  },
  "preferences": {
    "showGlyphs": true,
    "showQuickUse": true,
    "showQuickUse2": true,
    "showSVGs": true,
    "fontPref": {
      "prefix": "icon-",
      "metadata": {
        "fontFamily": "sell-icon",
        "majorVersion": 1,
        "minorVersion": 0
      },
      "metrics": {
        "emSize": 1024,
        "baseline": 6.25,
        "whitespace": 50
      },
      "embed": false
    },
    "imagePref": {
      "prefix": "icon-",
      "png": true,
      "useClassSelector": true,
      "color": 0,
      "bgColor": 16777215,
      "classSelector": ".icon"
    },
    "historySize": 50,
    "showCodes": true,
    "gridSize": 16
  }
}